Company,Title,Location,Rating
Brown-and-Caldwell,Engineer 1,Anywhere,4
Brown-and-Caldwell,Project Engineer,Milwaukee,4
Brown-and-Caldwell,Office Services Specialist,Walnut Creek,3
Brown-and-Caldwell,Engineer Operations,Upper Saddle River,4
Brown-and-Caldwell,PROJECT ENGINEER,Phoenix,5
Brown-and-Caldwell,EH&S Manager,Dandridge,3
Brown-and-Caldwell,NEPA Specialist / Senior Biologist,Boise,4
Brown-and-Caldwell,Field Technician/Construction Inspector,Rancho Cordova,5
Brown-and-Caldwell,Engineering Intern/Staff Engineer,Midvale,5
Brown-and-Caldwell,Sr. Payroll Specialist,Walnut Creek,4
Brown-and-Caldwell,Office Support III / HR Assistant,Seattle,3
Brown-and-Caldwell,Senior Microsoft SQL Server Team lead,Walnut Creek,3
Brown-and-Caldwell,Field Services Technician II,Upper Saddle River,4
Brown-and-Caldwell,Principal Scientist,Phoenix,5
Brown-and-Caldwell,Field Technician III,Allendale,4
Brown-and-Caldwell,Process Mechanical Engineering Intern,Seattle,5
Brown-and-Caldwell,Clerical Assistant,Walnut Creek,4
Brown-and-Caldwell,Project Analyst,Seattle,2
Brown-and-Caldwell,Engineer 1,Anywhere,4
Brown-and-Caldwell,Office Services Specialist,Walnut Creek,3
Brown-and-Caldwell,Project Engineer,Milwaukee,4
Brown-and-Caldwell,Engineer Operations,Upper Saddle River,4
Brown-and-Caldwell,EH&S Manager,Dandridge,3
Brown-and-Caldwell,PROJECT ENGINEER,Phoenix,5
Brown-and-Caldwell,NEPA Specialist / Senior Biologist,Boise,4
Brown-and-Caldwell,Field Technician/Construction Inspector,Rancho Cordova,5
Brown-and-Caldwell,Engineering Intern/Staff Engineer,Midvale,5
Brown-and-Caldwell,Principal Scientist,Phoenix,5
Brown-and-Caldwell,Office Support III / HR Assistant,Seattle,3
Brown-and-Caldwell,Sr. Payroll Specialist,Walnut Creek,4
Brown-and-Caldwell,Field Technician III,Allendale,4
Brown-and-Caldwell,Clerical Assistant,Walnut Creek,4
Brown-and-Caldwell,Field Services Technician II,Upper Saddle River,4
Brown-and-Caldwell,Project Analyst,Seattle,2
Brown-and-Caldwell,Process Mechanical Engineering Intern,Seattle,5
Brown-and-Caldwell,Senior Microsoft SQL Server Team lead,Walnut Creek,3
