Company,Title,Location,Rating
CONSTANT-CONTACT,Customer Service Representative,Waltham,3
CONSTANT-CONTACT,Marketing Support,Loveland,2
CONSTANT-CONTACT,manager,Waltham,5
CONSTANT-CONTACT,Customer Engagement Specialist,Loveland,4
CONSTANT-CONTACT,Strategic Account Manager,Waltham,5
CONSTANT-CONTACT,Engagement Specialist,Waltham,4
CONSTANT-CONTACT,Customer Engagement Specialist,Waltham,5
CONSTANT-CONTACT,Technology Partner Marketing Manager,San Francisco,4
CONSTANT-CONTACT,Sr. Lead Sales Training Specialist,Loveland,4
CONSTANT-CONTACT,Billing Specialist,Waltham,4
CONSTANT-CONTACT,Senior Manager Account Review,Loveland,5
CONSTANT-CONTACT,Senior OIM & OAM Engineer,Waltham,5
CONSTANT-CONTACT,Personal Marketing Manager,Loveland,4
CONSTANT-CONTACT,Data Integration Engineer (Intern),Waltham,5
CONSTANT-CONTACT,"Senior Director, Emerging Businesses",Waltham,3
CONSTANT-CONTACT,Senior Instructional Designer,Loveland,5
CONSTANT-CONTACT,Customer Engagement Specialist,Loveland,5
CONSTANT-CONTACT,Customer Engagement Specialist,Waltham,2
CONSTANT-CONTACT,Customer Engagement Specialist,Waltham,4
CONSTANT-CONTACT,Customer engagement Specialist,Loveland,5
CONSTANT-CONTACT,Anonymous,Waltham,4
CONSTANT-CONTACT,Customer Service Representative,Waltham,3
CONSTANT-CONTACT,New Hire Training Specialist,Waltham,5
CONSTANT-CONTACT,BI Reporting analsyst,Waltham MA,4
CONSTANT-CONTACT,Customer Engagement Specialist,Waltham,5
CONSTANT-CONTACT,Customer Engagement Specialist,Loveland,1
CONSTANT-CONTACT,Customer Engagement Specialist,Waltham,4
CONSTANT-CONTACT,Partner Solutions Provider,Atlanta,4
CONSTANT-CONTACT,Customer Engagement Specialist,Loveland,3
CONSTANT-CONTACT,Director,Waltham,4
CONSTANT-CONTACT,Customer Support Specialist,Loveland,4
CONSTANT-CONTACT,Consultant,Waltham,5
CONSTANT-CONTACT,Marketing Manager,Waltham,3
CONSTANT-CONTACT,G&A,Waltham,4
CONSTANT-CONTACT,Customer Support Specialist,Loveland,2
CONSTANT-CONTACT,Management of Multi Channel SaaS Technical Support,Waltham,5
CONSTANT-CONTACT,"Vice President, Customer Support",Loveland,5
CONSTANT-CONTACT,PR Representative,New York,5
CONSTANT-CONTACT,Customer Engagement Specialist,Loveland,1
CONSTANT-CONTACT,Account Review Specialist,Waltham,3
CONSTANT-CONTACT,Informal leader & Sales representative,Waltham,2
CONSTANT-CONTACT,Customer Engagement Specialist,Loveland,5
CONSTANT-CONTACT,Customer Service Representative,Waltham,3
CONSTANT-CONTACT,BI Reporting analsyst,Waltham MA,4
CONSTANT-CONTACT,Customer Engagement Specialist,Waltham,4
CONSTANT-CONTACT,Customer Engagement Specialist,Loveland,3
CONSTANT-CONTACT,G&A,Waltham,4
CONSTANT-CONTACT,Technical Support Representative,Waltham,5
CONSTANT-CONTACT,Customer Engagement Specialist,Loveland,5
CONSTANT-CONTACT,Sales rep,Waltham,1
CONSTANT-CONTACT,onboarding,loveland,2
CONSTANT-CONTACT,Technical Recruiter,Waltham,5
CONSTANT-CONTACT,Customer engagement Specialist,Loveland,5
CONSTANT-CONTACT,Customer Support Specialist,Loveland,2
CONSTANT-CONTACT,Account Review Specialist,Waltham,3
CONSTANT-CONTACT,Partner Solutions Provider,Atlanta,4
CONSTANT-CONTACT,Customer Engagement Specialist,Loveland,1
CONSTANT-CONTACT,Customer Support Specialist,Loveland,4
CONSTANT-CONTACT,Call Center Support Manager,Waltham Ma,4
CONSTANT-CONTACT,Customer Support Specialist,Loveland,3
CONSTANT-CONTACT,Marketing Consultant,Waltham,5
CONSTANT-CONTACT,Management of Multi Channel SaaS Technical Support,Waltham,5
CONSTANT-CONTACT,Technical Support Representative,Loveland,4
CONSTANT-CONTACT,Customer Service Representative,Waltham,3
CONSTANT-CONTACT,Support Quality Specialist,Waltham,4
CONSTANT-CONTACT,Inside Sales Manager,Waltham,4
CONSTANT-CONTACT,Technical Support Representative,Loveland,4
CONSTANT-CONTACT,Management of Multi Channel SaaS Technical Support,Waltham,5
CONSTANT-CONTACT,"Vice President, Customer Support",Loveland,5
CONSTANT-CONTACT,Marketing Manager,Waltham,3
CONSTANT-CONTACT,Engagement Marketing Direct Sales,Waltham,2
CONSTANT-CONTACT,Director,Waltham,4
CONSTANT-CONTACT,Inside Telesales,Loveland,2
CONSTANT-CONTACT,Customer Support Specialist,Loveland,4
CONSTANT-CONTACT,Call Center Support Manager,Waltham Ma,4
CONSTANT-CONTACT,Marketing Consultant,Waltham,5
CONSTANT-CONTACT,Customer Engagement Specialist,Loveland,5
CONSTANT-CONTACT,Consultant,Waltham,5
CONSTANT-CONTACT,Communications Consultant,Loveland,4
CONSTANT-CONTACT,Help Desk Intern/IT Support,Waltham,5
CONSTANT-CONTACT,PR Representative,New York,5
